{"cameraMode":{"drawMode":0,"name":"Shaded","section":"Shading Mode"},"sceneLighting":true,"audioPlay":false,"sceneViewState":{"m_AlwaysRefresh":false,"showFog":true,"showSkybox":true,"showFlares":true,"showImageEffects":true,"showParticleSystems":true,"showVisualEffectGraphs":true,"m_FxEnabled":true},"in2DMode":false,"pivot":{"x":120.33540344238281,"y":-12.584549903869629,"z":-58.2885627746582},"rotation":{"x":-0.03799887374043465,"y":0.9981411695480347,"z":-0.09863688051700592,"w":-0.07372640818357468},"size":39.438053131103519,"orthographic":false}