{"cameraMode":{"drawMode":0,"name":"Shaded","section":"Shading Mode"},"sceneLighting":true,"audioPlay":false,"sceneViewState":{"m_AlwaysRefresh":false,"showFog":true,"showSkybox":true,"showFlares":true,"showImageEffects":true,"showParticleSystems":true,"showVisualEffectGraphs":true,"m_FxEnabled":true},"in2DMode":false,"pivot":{"x":-0.06728355586528778,"y":-3.23740553855896,"z":1.3524067401885987},"rotation":{"x":0.013248467817902565,"y":-0.012844035401940346,"z":-0.0273086279630661,"w":1.0057677030563355},"size":1.2870005369186402,"orthographic":false}