{"cameraMode":{"drawMode":0,"name":"Shaded","section":"Shading Mode"},"sceneLighting":true,"audioPlay":false,"sceneViewState":{"m_AlwaysRefresh":false,"showFog":true,"showSkybox":true,"showFlares":true,"showImageEffects":true,"showParticleSystems":true,"showVisualEffectGraphs":true,"m_FxEnabled":true},"in2DMode":false,"pivot":{"x":98.98651885986328,"y":7.063588619232178,"z":25.22273063659668},"rotation":{"x":0.04947289079427719,"y":-0.9598642587661743,"z":0.16990530490875245,"w":0.24097099900245667},"size":10.449999809265137,"orthographic":false}