{"cameraMode":{"drawMode":0,"name":"Shaded","section":"Shading Mode"},"sceneLighting":true,"audioPlay":false,"sceneViewState":{"m_AlwaysRefresh":false,"showFog":true,"showSkybox":true,"showFlares":true,"showImageEffects":true,"showParticleSystems":true,"showVisualEffectGraphs":true,"m_FxEnabled":true},"in2DMode":false,"pivot":{"x":406.3071594238281,"y":-4.795393466949463,"z":18.386825561523439},"rotation":{"x":-0.013943417929112912,"y":-0.02779163420200348,"z":-0.0029739721212536098,"w":-1.003166675567627},"size":9.638362884521485,"orthographic":false}