{"cameraMode":{"drawMode":0,"name":"Shaded","section":"Shading Mode"},"sceneLighting":true,"audioPlay":false,"sceneViewState":{"m_AlwaysRefresh":false,"showFog":true,"showSkybox":true,"showFlares":true,"showImageEffects":true,"showParticleSystems":true,"showVisualEffectGraphs":true,"m_FxEnabled":true},"in2DMode":false,"pivot":{"x":-0.03911251574754715,"y":-0.02443864941596985,"z":-0.0018546581268310547},"rotation":{"x":-0.0801217183470726,"y":-0.020853158086538316,"z":-0.0008095774101093411,"w":-1.0013889074325562},"size":1.2247449159622193,"orthographic":false}