{"cameraMode":{"drawMode":0,"name":"Shaded","section":"Shading Mode"},"sceneLighting":true,"audioPlay":false,"sceneViewState":{"m_AlwaysRefresh":false,"showFog":true,"showSkybox":true,"showFlares":true,"showImageEffects":true,"showParticleSystems":true,"showVisualEffectGraphs":true,"m_FxEnabled":true},"in2DMode":false,"pivot":{"x":0.2321474850177765,"y":-0.152931347489357,"z":0.07748770713806153},"rotation":{"x":-0.04268776625394821,"y":-0.11833006143569946,"z":0.0000166676654771436,"w":0.9967544674873352},"size":0.6123724579811096,"orthographic":false}