{"cameraMode":{"drawMode":0,"name":"Shaded","section":"Shading Mode"},"sceneLighting":true,"audioPlay":false,"sceneViewState":{"m_AlwaysRefresh":false,"showFog":true,"showSkybox":true,"showFlares":true,"showImageEffects":true,"showParticleSystems":true,"showVisualEffectGraphs":true,"m_FxEnabled":true},"in2DMode":false,"pivot":{"x":-5.3876800537109379,"y":-4.493011474609375,"z":6.529641628265381},"rotation":{"x":0.018276724964380266,"y":-0.21708162128925324,"z":0.009434268809854985,"w":0.9807047843933106},"size":4.200507640838623,"orthographic":false}