{"cameraMode":{"drawMode":0,"name":"Shaded","section":"Shading Mode"},"sceneLighting":true,"audioPlay":false,"sceneViewState":{"m_AlwaysRefresh":false,"showFog":true,"showSkybox":true,"showFlares":true,"showImageEffects":true,"showParticleSystems":true,"showVisualEffectGraphs":true,"m_FxEnabled":true},"in2DMode":false,"pivot":{"x":43.36048126220703,"y":-1.7857366800308228,"z":5.916193962097168},"rotation":{"x":0.011796710081398487,"y":-1.0035364627838135,"z":0.033728763461112979,"w":-0.05633660778403282},"size":1.5347670316696168,"orthographic":false}