{"cameraMode":{"drawMode":0,"name":"Shaded","section":"Shading Mode"},"sceneLighting":true,"audioPlay":false,"sceneViewState":{"m_AlwaysRefresh":false,"showFog":true,"showSkybox":true,"showFlares":true,"showImageEffects":true,"showParticleSystems":true,"showVisualEffectGraphs":true,"m_FxEnabled":true},"in2DMode":false,"pivot":{"x":111.43427276611328,"y":3.6571953296661379,"z":-16.80573272705078},"rotation":{"x":0.059321749955415729,"y":-0.00745783606544137,"z":-0.03167572245001793,"w":1.0041998624801636},"size":1.3519418239593506,"orthographic":false}